Workbook

Sheet Huong_dan
A1: Template thống kê Bảng 5.5 — kiểm thử chéo 6 vòng (leave-users-out)
A3: Mục đích: bạn chạy benchmark 6 lần với cụm HELD_OUT_IDS khác nhau, điền kết quả từng vòng,
A4: file tự tính trung bình ± độ lệch chuẩn rồi so với Bảng 5.5 hiện tại.
A6: CÁCH LÀM:
A7: 1. Trong Active_Auth_Eval_Benchmark.ipynb, đổi HELD_OUT_IDS ở CONFIG sang cụm 5 người của vòng đó,
A8: chạy lại pipeline (RUN_BENCHMARK = True). Phần "OWNER VERIFICATION" sẽ in ra bảng cho
A9: CLOSED-SET (SEEN) và OPEN-SET (HELD-OUT), mỗi bảng có cột AUC và EER cho 4 hàm scoring.
A10: 2. Sang sheet "Nhap_tung_vong", điền các con số đó vào ô MÀU VÀNG (giữ nguyên dạng 0–1 như code in,
A11: ví dụ EER=0.0139, AUC=0.9950 — KHÔNG nhân 100, file sẽ tự đổi sang %).
A12: - Khối 1: EER tập mở (lấy từ bảng OPEN-SET, cột EER)
A13: - Khối 2: EER tập đóng (lấy từ bảng CLOSED-SET, cột EER)
A14: - Khối 3: AUC tập mở (lấy từ bảng OPEN-SET, cột AUC)
... A23: - Ô vàng = cần nhập. Ô khác là công thức, đừng sửa.

Sheet Nhap_tung_vong
A1: Nhập kết quả từng vòng (ô vàng) — giá trị dạng 0–1 đúng như benchmark in ra
A3: HELD_OUT_IDS theo từng vòng (ghi để lưu vết):
A4: Vòng | B4: HELD_OUT_IDS (5 user)
A5: Vòng 1 | B5: user6, user7, user13, user14, user15
A6: Vòng 2 | B6: user1, user2, user3, user4, user5
A7: Vòng 3 | B7: user22, user23, user24, user25, user26
A8: Vòng 4 | B8: user13, user14, user15, user16, user18
A9: Vòng 5 | B9: user19, user20, user21, user22, user23
A10: Vòng 6 | B10: user1, user14, user18, user23, user26
A11: KHỐI 1 — EER tập mở (open-set, từ bảng OPEN-SET cột EER, dạng 0–1)
A12: Hàm quyết định | B12: Vòng 1 | C12: Vòng 2 | D12: Vòng 3 | E12: Vòng 4 | F12: Vòng 5 | G12: Vòng 6 | H12: Trung bình | I12: Độ lệch chuẩn | J12: Trung bình (%) | K12: Độ lệch chuẩn (%)
A13: cos_znorm | B13: 0.0792 | C13: 0.0667 | D13: 0.2 | E13: 0.0625 | F13: 0.0583 | G13: 0.1833 | H13: =IFERROR(AVERAGE(B13:G13),"") | I13: =IFERROR(STDEV(B13:G13),"") | J13: =IFERROR(AVERAGE(B13:G13)*100,"") | K13: =IFERROR(STDEV(B13:G13)*100,"")
A14: cos_knn | B14: 0.0667 | C14: 0.0667 | D14: 0.2 | E14: 0.05 | F14: 0.0667 | G14: 0.2 | H14: =IFERROR(AVERAGE(B14:G14),"") | I14: =IFERROR(STDEV(B14:G14),"") | J14: =IFERROR(AVERAGE(B14:G14)*100,"") | K14: =IFERROR(STDEV(B14:G14)*100,"")
A15: cos_mean | B15: 0.1333 | C15: 0.0667 | D15: 0.25 | E15: 0.1333 | F15: 0.1167 | G15: 0.1833 | H15: =IFERROR(AVERAGE(B15:G15),"") | I15: =IFERROR(STDEV(B15:G15),"") | J15: =IFERROR(AVERAGE(B15:G15)*100,"") | K15: =IFERROR(STDEV(B15:G15)*100,"")
A16: maha | B16: 0.2667 | C16: 0.1917 | D16: 0.2 | E16: 0.1958 | F16: 0.2 | G16: 0.3333 | H16: =IFERROR(AVERAGE(B16:G16),"") | I16: =IFERROR(STDEV(B16:G16),"") | J16: =IFERROR(AVERAGE(B16:G16)*100,"") | K16: =IFERROR(STDEV(B16:G16)*100,"")
A19: KHỐI 2 — EER tập đóng (closed-set, từ bảng CLOSED-SET cột EER, dạng 0–1)
A20: Hàm quyết định | B20: Vòng 1 | C20: Vòng 2 | D20: Vòng 3 | E20: Vòng 4 | F20: Vòng 5 | G20: Vòng 6 | H20: Trung bình | I20: Độ lệch chuẩn | J20: Trung bình (%) | K20: Độ lệch chuẩn (%)
A21: cos_znorm | B21: 0.0341 | C21: 0.0141 | D21: 0.0156 | E21: 0.0322 | F21: 0.0207 | G21: 0.0175 | H21: =IFERROR(AVERAGE(B21:G21),"") | I21: =IFERROR(STDEV(B21:G21),"") | J21: =IFERROR(AVERAGE(B21:G21)*100,"") | K21: =IFERROR(STDEV(B21:G21)*100,"")
A22: cos_knn | B22: 0.0317 | C22: 0.0175 | D22: 0.0175 | E22: 0.0368 | F22: 0.0348 | G22: 0.0317 | H22: =IFERROR(AVERAGE(B22:G22),"") | I22: =IFERROR(STDEV(B22:G22),"") | J22: =IFERROR(AVERAGE(B22:G22)*100,"") | K22: =IFERROR(STDEV(B22:G22)*100,"")
A23: cos_mean | B23: 0.0339 | C23: 0.0185 | D23: 0.0185 | E23: 0.0487 | F23: 0.0351 | G23: 0.0317 | H23: =IFERROR(AVERAGE(B23:G23),"") | I23: =IFERROR(STDEV(B23:G23),"") | J23: =IFERROR(AVERAGE(B23:G23)*100,"") | K23: =IFERROR(STDEV(B23:G23)*100,"")
A24: maha | B24: 0.154 | C24: 0.1245 | D24: 0.2105 | E24: 0.2105 | F24: 0.2105 | G24: 0.1404 | H24: =IFERROR(AVERAGE(B24:G24),"") | I24: =IFERROR(STDEV(B24:G24),"") | J24: =IFERROR(AVERAGE(B24:G24)*100,"") | K24: =IFERROR(STDEV(B24:G24)*100,"")
A27: KHỐI 3 — AUC tập mở (open-set, từ bảng OPEN-SET cột AUC, dạng 0–1)
A28: Hàm quyết định | B28: Vòng 1 | C28: Vòng 2 | D28: Vòng 3 | E28: Vòng 4 | F28: Vòng 5 | G28: Vòng 6 | H28: Trung bình | I28: Độ lệch chuẩn | J28: Trung bình (%) | K28: Độ lệch chuẩn (%)
A29: cos_znorm | B29: 0.965 | C29: 0.9889 | D29: 0.8972 | E29: 0.9956 | F29: 0.9933 | G29: 0.9383 | H29: =IFERROR(AVERAGE(B29:G29),"") | I29: =IFERROR(STDEV(B29:G29),"")
A30: cos_knn | B30: 0.9844 | C30: 0.9928 | D30: 0.8917 | E30: 0.9944 | F30: 0.99 | G30: 0.9061 | H30: =IFERROR(AVERAGE(B30:G30),"") | I30: =IFERROR(STDEV(B30:G30),"")
A31: cos_mean | B31: 0.9617 | C31: 0.9883 | D31: 0.8594 | E31: 0.9628 | F31: 0.9767 | G31: 0.9122 | H31: =IFERROR(AVERAGE(B31:G31),"") | I31: =IFERROR(STDEV(B31:G31),"")
A32: maha | B32: 0.8194 | C32: 0.9061 | D32: 0.8794 | E32: 0.8961 | F32: 0.9233 | G32: 0.7578 | H32: =IFERROR(AVERAGE(B32:G32),"") | I32: =IFERROR(STDEV(B32:G32),"")

Sheet So_sanh_Bang_5.5
A1: So sánh kết quả 6 vòng của bạn với Bảng 5.5 hiện tại
B2: TÍNH TỪ 6 VÒNG CỦA BẠN | F2: BẢNG 5.5 HIỆN TẠI
A3: Hàm quyết định | B3: AUC tập mở | C3: EER tập mở (%) | D3: ± Std (%) | E3: EER tập đóng (%) | F3: AUC | G3: EER tập mở (%) | H3: ± Std (%) | I3: EER tập đóng (%) | J3: Chênh EER mở (%)
A4: cos_znorm | B4: =IFERROR(Nhap_tung_vong!H29,"") | C4: =IFERROR(Nhap_tung_vong!J13,"") | D4: =IFERROR(Nhap_tung_vong!K13,"") | E4: =IFERROR(Nhap_tung_vong!J21,"") | F4: 0.995 | G4: 1.39 | H4: 2.4 | I4: 0.34 | J4: =IFERROR(C4-G4,"")
A5: cos_knn | B5: =IFERROR(Nhap_tung_vong!H30,"") | C5: =IFERROR(Nhap_tung_vong!J14,"") | D5: =IFERROR(Nhap_tung_vong!K14,"") | E5: =IFERROR(Nhap_tung_vong!J22,"") | F5: 0.994 | G5: 2.5 | H5: 3.26 | I5: 0.12 | J5: =IFERROR(C5-G5,"")
A6: cos_mean | B6: =IFERROR(Nhap_tung_vong!H31,"") | C6: =IFERROR(Nhap_tung_vong!J15,"") | D6: =IFERROR(Nhap_tung_vong!K15,"") | E6: =IFERROR(Nhap_tung_vong!J23,"") | F6: 0.991 | G6: 3.4 | H6: 4.9 | I6: 0.34 | J6: =IFERROR(C6-G6,"")
A7: maha | B7: =IFERROR(Nhap_tung_vong!H32,"") | C7: =IFERROR(Nhap_tung_vong!J16,"") | D7: =IFERROR(Nhap_tung_vong!K16,"") | E7: =IFERROR(Nhap_tung_vong!J24,"") | F7: 0.9 | G7: 21.11 | H7: 5.61 | I7: 15.86 | J7: =IFERROR(C7-G7,"")
A9: Ghi chú: cột "Chênh EER mở" = (giá trị bạn tính) − (Bảng 5.5). Gần 0 nghĩa là tái lập khớp.
